Priority Level,Task,Impact,Effort,Recommendation
High Priority,Add meta description to https://umiwellnesscenter.com/patient-advocacy-consulting/,High,Low,Expert patient advocacy services at Umi Wellness Center. Get professional support navigating healthcare systems. Contact us for consultation.
High Priority,Add meta description to https://umiwellnesscenter.com/community-programs/,High,Low,Discover community programs - umi wellness center at Umi Wellness Center. Professional movement therapy and somatic practices to improve your wellbeing. Book your session today.
High Priority,Add meta description to https://umiwellnesscenter.com/faqs/,High,Low,Expert patient advocacy services at Umi Wellness Center. Get professional support navigating healthcare systems. Contact us for consultation.
High Priority,Add meta description to https://umiwellnesscenter.com/how-umi-works/,High,Low,Expert patient advocacy services at Umi Wellness Center. Get professional support navigating healthcare systems. Contact us for consultation.
High Priority,Add meta description to https://umiwellnesscenter.com/offerings/,High,Low,Discover offerings - umi wellness center at Umi Wellness Center. Professional movement therapy and somatic practices to improve your wellbeing. Book your session today.
High Priority,Add meta description to https://umiwellnesscenter.com/staff-volunteers/,High,Low,Expert patient advocacy services at Umi Wellness Center. Get professional support navigating healthcare systems. Contact us for consultation.
High Priority,Add meta description to https://umiwellnesscenter.com/upcoming-umi-events/,High,Low,Discover upcoming umi events - umi wellness center at Umi Wellness Center. Professional movement therapy and somatic practices to improve your wellbeing. Book your session today.
High Priority,Add meta description to https://umiwellnesscenter.com/rhythms-for-blues/,High,Low,Discover rhythms for blues - umi wellness center at Umi Wellness Center. Professional movement therapy and somatic practices to improve your wellbeing. Book your session today.
High Priority,Add meta description to https://umiwellnesscenter.com/roads-we-travel/,High,Low,Discover roads we travel - umi wellness center at Umi Wellness Center. Professional movement therapy and somatic practices to improve your wellbeing. Book your session today.
High Priority,Add meta description to https://umiwellnesscenter.com/contact-us/,High,Low,Discover contact us - umi wellness center at Umi Wellness Center. Professional movement therapy and somatic practices to improve your wellbeing. Book your session today.
Medium Priority,Optimize title on https://umiwellnesscenter.com/faqs/,Medium,Medium,Expand title to include more descriptive keywords
Low Priority,Add internal link from https://umiwellnesscenter.com/ to https://umiwellnesscenter.com/offerings/classes/,Low,Low,"Add internal link from https://umiwellnesscenter.com/ to https://umiwellnesscenter.com/offerings/classes/ using anchor text related to: numberemail, complete, apply"
Low Priority,Add internal link from https://umiwellnesscenter.com/ to https://umiwellnesscenter.com/community-programs/,Low,Low,"Add internal link from https://umiwellnesscenter.com/ to https://umiwellnesscenter.com/community-programs/ using anchor text related to: complete, numberemail, apply"
Low Priority,Add internal link from https://umiwellnesscenter.com/ to https://umiwellnesscenter.com/offerings/,Low,Low,"Add internal link from https://umiwellnesscenter.com/ to https://umiwellnesscenter.com/offerings/ using anchor text related to: complete, numberemail, apply"
Low Priority,Add internal link from https://umiwellnesscenter.com/ to https://umiwellnesscenter.com/providers/,Low,Low,"Add internal link from https://umiwellnesscenter.com/ to https://umiwellnesscenter.com/providers/ using anchor text related to: association, private, membership"
Low Priority,Add internal link from https://umiwellnesscenter.com/ to https://umiwellnesscenter.com/upcoming-umi-events/,Low,Low,"Add internal link from https://umiwellnesscenter.com/ to https://umiwellnesscenter.com/upcoming-umi-events/ using anchor text related to: complete, numberemail, apply"
Quick Wins,Add alt text to 5 images on https://umiwellnesscenter.com/,Medium,Low,Add descriptive alt text to all images
Quick Wins,Add alt text to 3 images on https://umiwellnesscenter.com/offerings/classes/,Medium,Low,Add descriptive alt text to all images
Quick Wins,Add alt text to 2 images on https://umiwellnesscenter.com/patient-advocacy-consulting/,Medium,Low,Add descriptive alt text to all images
Quick Wins,Add alt text to 6 images on https://umiwellnesscenter.com/community-programs/,Medium,Low,Add descriptive alt text to all images
Quick Wins,Add alt text to 1 images on https://umiwellnesscenter.com/faqs/,Medium,Low,Add descriptive alt text to all images
Quick Wins,Add alt text to 2 images on https://umiwellnesscenter.com/how-umi-works/,Medium,Low,Add descriptive alt text to all images
Quick Wins,Add alt text to 6 images on https://umiwellnesscenter.com/offerings/,Medium,Low,Add descriptive alt text to all images
Quick Wins,Add alt text to 4 images on https://umiwellnesscenter.com/providers/,Medium,Low,Add descriptive alt text to all images
Quick Wins,Add alt text to 2 images on https://umiwellnesscenter.com/staff-volunteers/,Medium,Low,Add descriptive alt text to all images
Quick Wins,Add alt text to 3 images on https://umiwellnesscenter.com/upcoming-umi-events/,Medium,Low,Add descriptive alt text to all images
Quick Wins,Add alt text to 1 images on https://umiwellnesscenter.com/zebra-heard/,Medium,Low,Add descriptive alt text to all images
Quick Wins,Add alt text to 1 images on https://umiwellnesscenter.com/rhythms-for-blues/,Medium,Low,Add descriptive alt text to all images
Quick Wins,Add alt text to 2 images on https://umiwellnesscenter.com/roads-we-travel/,Medium,Low,Add descriptive alt text to all images
Quick Wins,Add alt text to 1 images on https://umiwellnesscenter.com/contact-us/,Medium,Low,Add descriptive alt text to all images
